scenario-scaling-out-66d74b5d89-7pcs7,1560776866042,398
scenario-scaling-out-66d74b5d89-7pcs7,1560776867042,408
scenario-scaling-out-66d74b5d89-7pcs7,1560776868042,403
scenario-scaling-out-66d74b5d89-7pcs7,1560776869043,385
scenario-scaling-out-66d74b5d89-7pcs7,1560776870042,416
scenario-scaling-out-66d74b5d89-7pcs7,1560776871046,426
scenario-scaling-out-66d74b5d89-7pcs7,1560776872046,448
scenario-scaling-out-66d74b5d89-7pcs7,1560776873051,379
scenario-scaling-out-66d74b5d89-7pcs7,1560776874052,407
scenario-scaling-out-66d74b5d89-7pcs7,1560776875052,428
scenario-scaling-out-66d74b5d89-7pcs7,1560776876052,404
scenario-scaling-out-66d74b5d89-7pcs7,1560776877052,400
scenario-scaling-out-66d74b5d89-7pcs7,1560776878058,432
scenario-scaling-out-66d74b5d89-7pcs7,1560776879061,426
scenario-scaling-out-66d74b5d89-7pcs7,1560776880061,444
scenario-scaling-out-66d74b5d89-7pcs7,1560776881064,430
scenario-scaling-out-66d74b5d89-7pcs7,1560776882063,438
scenario-scaling-out-66d74b5d89-7pcs7,1560776883063,344
scenario-scaling-out-66d74b5d89-7pcs7,1560776884064,425
scenario-scaling-out-66d74b5d89-7pcs7,1560776885064,418
scenario-scaling-out-66d74b5d89-7pcs7,1560776886066,438
scenario-scaling-out-66d74b5d89-7pcs7,1560776887066,426
scenario-scaling-out-66d74b5d89-7pcs7,1560776888067,385
scenario-scaling-out-66d74b5d89-7pcs7,1560776889067,404
scenario-scaling-out-66d74b5d89-7pcs7,1560776890070,425
scenario-scaling-out-66d74b5d89-7pcs7,1560776891070,443
scenario-scaling-out-66d74b5d89-7pcs7,1560776892071,458
scenario-scaling-out-66d74b5d89-7pcs7,1560776893071,385
scenario-scaling-out-66d74b5d89-7pcs7,1560776894072,429
scenario-scaling-out-66d74b5d89-7pcs7,1560776895076,431
scenario-scaling-out-66d74b5d89-7pcs7,1560776896077,426
scenario-scaling-out-66d74b5d89-7pcs7,1560776897080,396
scenario-scaling-out-66d74b5d89-7pcs7,1560776898080,385
scenario-scaling-out-66d74b5d89-7pcs7,1560776899081,400
scenario-scaling-out-66d74b5d89-7pcs7,1560776900082,417
scenario-scaling-out-66d74b5d89-7pcs7,1560776901081,427
scenario-scaling-out-66d74b5d89-7pcs7,1560776902081,437
scenario-scaling-out-66d74b5d89-7pcs7,1560776903081,429
scenario-scaling-out-66d74b5d89-7pcs7,1560776904081,375
scenario-scaling-out-66d74b5d89-7pcs7,1560776905081,423
scenario-scaling-out-66d74b5d89-7pcs7,1560776906081,428
scenario-scaling-out-66d74b5d89-7pcs7,1560776907081,432
scenario-scaling-out-66d74b5d89-7pcs7,1560776908081,419
scenario-scaling-out-66d74b5d89-7pcs7,1560776909081,437
scenario-scaling-out-66d74b5d89-7pcs7,1560776910081,440
scenario-scaling-out-66d74b5d89-7pcs7,1560776911081,446
scenario-scaling-out-66d74b5d89-7pcs7,1560776912082,458
scenario-scaling-out-66d74b5d89-7pcs7,1560776913082,445
scenario-scaling-out-66d74b5d89-7pcs7,1560776914084,350
scenario-scaling-out-66d74b5d89-7pcs7,1560776915088,450
scenario-scaling-out-66d74b5d89-7pcs7,1560776916088,431
scenario-scaling-out-66d74b5d89-7pcs7,1560776917091,438
scenario-scaling-out-66d74b5d89-7pcs7,1560776918092,443
scenario-scaling-out-66d74b5d89-7pcs7,1560776919091,398
scenario-scaling-out-66d74b5d89-7pcs7,1560776920096,450
scenario-scaling-out-66d74b5d89-7pcs7,1560776921096,443
scenario-scaling-out-66d74b5d89-7pcs7,1560776922100,453
scenario-scaling-out-66d74b5d89-7pcs7,1560776923101,456
scenario-scaling-out-66d74b5d89-7pcs7,1560776924102,385
scenario-scaling-out-66d74b5d89-7pcs7,1560776925102,452
scenario-scaling-out-66d74b5d89-7pcs7,1560776926103,441
scenario-scaling-out-66d74b5d89-7pcs7,1560776927105,443
scenario-scaling-out-66d74b5d89-7pcs7,1560776928105,445
scenario-scaling-out-66d74b5d89-7pcs7,1560776929106,443
scenario-scaling-out-66d74b5d89-7pcs7,1560776930105,450
scenario-scaling-out-66d74b5d89-7pcs7,1560776931106,452
scenario-scaling-out-66d74b5d89-7pcs7,1560776932106,453
scenario-scaling-out-66d74b5d89-7pcs7,1560776933108,438
scenario-scaling-out-66d74b5d89-7pcs7,1560776934110,388
scenario-scaling-out-66d74b5d89-7pcs7,1560776935111,441
scenario-scaling-out-66d74b5d89-7pcs7,1560776936111,449
scenario-scaling-out-66d74b5d89-7pcs7,1560776937112,443
scenario-scaling-out-66d74b5d89-zjmlh,1560776844261,547
scenario-scaling-out-66d74b5d89-zjmlh,1560776845261,551
scenario-scaling-out-66d74b5d89-zjmlh,1560776846264,566
scenario-scaling-out-66d74b5d89-zjmlh,1560776847263,536
scenario-scaling-out-66d74b5d89-zjmlh,1560776848264,544
scenario-scaling-out-66d74b5d89-zjmlh,1560776849265,561
scenario-scaling-out-66d74b5d89-zjmlh,1560776850265,570
scenario-scaling-out-66d74b5d89-zjmlh,1560776851265,569
scenario-scaling-out-66d74b5d89-zjmlh,1560776852271,550
scenario-scaling-out-66d74b5d89-zjmlh,1560776853272,522
scenario-scaling-out-66d74b5d89-zjmlh,1560776854273,558
scenario-scaling-out-66d74b5d89-zjmlh,1560776855273,555
scenario-scaling-out-66d74b5d89-zjmlh,1560776856272,566
scenario-scaling-out-66d74b5d89-zjmlh,1560776857272,544
scenario-scaling-out-66d74b5d89-zjmlh,1560776858273,542
scenario-scaling-out-66d74b5d89-zjmlh,1560776859274,553
scenario-scaling-out-66d74b5d89-zjmlh,1560776860275,565
scenario-scaling-out-66d74b5d89-zjmlh,1560776861274,583
scenario-scaling-out-66d74b5d89-zjmlh,1560776862275,574
scenario-scaling-out-66d74b5d89-zjmlh,1560776863274,563
scenario-scaling-out-66d74b5d89-zjmlh,1560776864275,590
scenario-scaling-out-66d74b5d89-zjmlh,1560776865276,480
scenario-scaling-out-66d74b5d89-zjmlh,1560776866277,422
scenario-scaling-out-66d74b5d89-zjmlh,1560776867277,422
scenario-scaling-out-66d74b5d89-zjmlh,1560776868277,404
scenario-scaling-out-66d74b5d89-zjmlh,1560776869278,396
scenario-scaling-out-66d74b5d89-zjmlh,1560776870281,436
scenario-scaling-out-66d74b5d89-zjmlh,1560776871281,433
scenario-scaling-out-66d74b5d89-zjmlh,1560776872280,450
scenario-scaling-out-66d74b5d89-zjmlh,1560776873282,375
scenario-scaling-out-66d74b5d89-zjmlh,1560776874282,422
scenario-scaling-out-66d74b5d89-zjmlh,1560776875282,424
scenario-scaling-out-66d74b5d89-zjmlh,1560776876281,422
scenario-scaling-out-66d74b5d89-zjmlh,1560776877281,395
scenario-scaling-out-66d74b5d89-zjmlh,1560776878281,424
scenario-scaling-out-66d74b5d89-zjmlh,1560776879281,432
scenario-scaling-out-66d74b5d89-zjmlh,1560776880284,437
scenario-scaling-out-66d74b5d89-zjmlh,1560776881284,427
scenario-scaling-out-66d74b5d89-zjmlh,1560776882286,441
scenario-scaling-out-66d74b5d89-zjmlh,1560776883287,343
scenario-scaling-out-66d74b5d89-zjmlh,1560776884289,414
scenario-scaling-out-66d74b5d89-zjmlh,1560776885291,423
scenario-scaling-out-66d74b5d89-zjmlh,1560776886291,447
scenario-scaling-out-66d74b5d89-zjmlh,1560776887291,427
scenario-scaling-out-66d74b5d89-zjmlh,1560776888297,393
scenario-scaling-out-66d74b5d89-zjmlh,1560776889301,404
scenario-scaling-out-66d74b5d89-zjmlh,1560776890301,440
scenario-scaling-out-66d74b5d89-zjmlh,1560776891306,450
scenario-scaling-out-66d74b5d89-zjmlh,1560776892307,449
scenario-scaling-out-66d74b5d89-zjmlh,1560776893309,377
scenario-scaling-out-66d74b5d89-zjmlh,1560776894309,432
scenario-scaling-out-66d74b5d89-zjmlh,1560776895311,437
scenario-scaling-out-66d74b5d89-zjmlh,1560776896310,429
scenario-scaling-out-66d74b5d89-zjmlh,1560776897312,393
scenario-scaling-out-66d74b5d89-zjmlh,1560776898317,403
scenario-scaling-out-66d74b5d89-zjmlh,1560776899321,410
scenario-scaling-out-66d74b5d89-zjmlh,1560776900320,426
scenario-scaling-out-66d74b5d89-zjmlh,1560776901321,432
scenario-scaling-out-66d74b5d89-zjmlh,1560776902321,433
scenario-scaling-out-66d74b5d89-zjmlh,1560776903322,377
scenario-scaling-out-66d74b5d89-zjmlh,1560776904324,444
scenario-scaling-out-66d74b5d89-zjmlh,1560776905324,427
scenario-scaling-out-66d74b5d89-zjmlh,1560776906326,443
scenario-scaling-out-66d74b5d89-zjmlh,1560776907330,413
scenario-scaling-out-66d74b5d89-zjmlh,1560776908329,440
scenario-scaling-out-66d74b5d89-zjmlh,1560776909331,432
scenario-scaling-out-66d74b5d89-zjmlh,1560776910332,452
scenario-scaling-out-66d74b5d89-zjmlh,1560776911334,437
scenario-scaling-out-66d74b5d89-zjmlh,1560776912336,463
scenario-scaling-out-66d74b5d89-zjmlh,1560776913341,421
scenario-scaling-out-66d74b5d89-zjmlh,1560776914346,376
scenario-scaling-out-66d74b5d89-zjmlh,1560776915346,442
scenario-scaling-out-66d74b5d89-zjmlh,1560776916351,438
scenario-scaling-out-66d74b5d89-zjmlh,1560776917352,452
scenario-scaling-out-66d74b5d89-zjmlh,1560776918357,440
scenario-scaling-out-66d74b5d89-zjmlh,1560776919358,404
scenario-scaling-out-66d74b5d89-zjmlh,1560776920360,444
scenario-scaling-out-66d74b5d89-zjmlh,1560776921360,450
scenario-scaling-out-66d74b5d89-zjmlh,1560776922361,449
scenario-scaling-out-66d74b5d89-zjmlh,1560776923361,454
scenario-scaling-out-66d74b5d89-zjmlh,1560776924361,384
scenario-scaling-out-66d74b5d89-zjmlh,1560776925361,452
scenario-scaling-out-66d74b5d89-zjmlh,1560776926362,443
scenario-scaling-out-66d74b5d89-zjmlh,1560776927361,437
scenario-scaling-out-66d74b5d89-zjmlh,1560776928362,445
scenario-scaling-out-66d74b5d89-zjmlh,1560776929361,445
scenario-scaling-out-66d74b5d89-zjmlh,1560776930361,453
scenario-scaling-out-66d74b5d89-zjmlh,1560776931361,451
scenario-scaling-out-66d74b5d89-zjmlh,1560776932362,454
scenario-scaling-out-66d74b5d89-zjmlh,1560776933363,447
scenario-scaling-out-66d74b5d89-zjmlh,1560776934364,390
scenario-scaling-out-66d74b5d89-zjmlh,1560776935365,441
scenario-scaling-out-66d74b5d89-zjmlh,1560776936368,446
scenario-scaling-out-66d74b5d89-zjmlh,1560776937370,443
scenario-scaling-out-66d74b5d89-4sb44,1560776983120,512
scenario-scaling-out-66d74b5d89-4sb44,1560776984123,522
scenario-scaling-out-66d74b5d89-4sb44,1560776985125,512
scenario-scaling-out-66d74b5d89-4sb44,1560776986128,494
scenario-scaling-out-66d74b5d89-4sb44,1560776987131,474
scenario-scaling-out-66d74b5d89-4sb44,1560776988130,485
scenario-scaling-out-66d74b5d89-4sb44,1560776989132,499
scenario-scaling-out-66d74b5d89-4sb44,1560776990133,521
scenario-scaling-out-66d74b5d89-4sb44,1560776991133,523
scenario-scaling-out-66d74b5d89-4sb44,1560776992135,523
scenario-scaling-out-66d74b5d89-4sb44,1560776993135,522
scenario-scaling-out-66d74b5d89-4sb44,1560776994138,534
scenario-scaling-out-66d74b5d89-4sb44,1560776995139,533
scenario-scaling-out-66d74b5d89-4sb44,1560776996139,508
scenario-scaling-out-66d74b5d89-4sb44,1560776997141,520
scenario-scaling-out-66d74b5d89-4sb44,1560776998140,504
scenario-scaling-out-66d74b5d89-4sb44,1560776999140,577
scenario-scaling-out-66d74b5d89-4sb44,1560777000140,675
scenario-scaling-out-66d74b5d89-4sb44,1560777001142,675
scenario-scaling-out-66d74b5d89-4sb44,1560777002141,664
scenario-scaling-out-66d74b5d89-4sb44,1560777003141,503
scenario-scaling-out-66d74b5d89-4sb44,1560777004141,561
scenario-scaling-out-66d74b5d89-4sb44,1560777005142,658
scenario-scaling-out-66d74b5d89-4sb44,1560777006143,665
scenario-scaling-out-66d74b5d89-4sb44,1560777007142,666
scenario-scaling-out-66d74b5d89-4sb44,1560777008143,624
scenario-scaling-out-66d74b5d89-4sb44,1560777009142,658
scenario-scaling-out-66d74b5d89-4sb44,1560777010142,668
scenario-scaling-out-66d74b5d89-4sb44,1560777011142,695
scenario-scaling-out-66d74b5d89-4sb44,1560777012144,695
scenario-scaling-out-66d74b5d89-4sb44,1560777013143,674
scenario-scaling-out-66d74b5d89-4sb44,1560777014145,664
scenario-scaling-out-66d74b5d89-4sb44,1560777015146,664
scenario-scaling-out-66d74b5d89-4sb44,1560777016148,671
scenario-scaling-out-66d74b5d89-4sb44,1560777017148,672
scenario-scaling-out-66d74b5d89-4sb44,1560777018148,629
scenario-scaling-out-66d74b5d89-4sb44,1560777019149,659
scenario-scaling-out-66d74b5d89-4sb44,1560777020148,662
scenario-scaling-out-66d74b5d89-4sb44,1560777021149,687
scenario-scaling-out-66d74b5d89-4sb44,1560777022148,673
scenario-scaling-out-66d74b5d89-4sb44,1560777023151,638
scenario-scaling-out-66d74b5d89-4sb44,1560777024150,673
scenario-scaling-out-66d74b5d89-4sb44,1560777025150,674
scenario-scaling-out-66d74b5d89-4sb44,1560777026150,656
scenario-scaling-out-66d74b5d89-4sb44,1560777027150,668
scenario-scaling-out-66d74b5d89-4sb44,1560777028151,617
scenario-scaling-out-66d74b5d89-4sb44,1560777029151,688
scenario-scaling-out-66d74b5d89-4sb44,1560777030152,684
scenario-scaling-out-66d74b5d89-4sb44,1560777031153,682
scenario-scaling-out-66d74b5d89-4sb44,1560777032153,664
scenario-scaling-out-66d74b5d89-4sb44,1560777033155,660
scenario-scaling-out-66d74b5d89-4sb44,1560777034156,665
scenario-scaling-out-66d74b5d89-4sb44,1560777035155,667
scenario-scaling-out-66d74b5d89-4sb44,1560777036155,682
scenario-scaling-out-66d74b5d89-4sb44,1560777037155,678
scenario-scaling-out-66d74b5d89-4sb44,1560777038155,640
scenario-scaling-out-66d74b5d89-4sb44,1560777039156,660
scenario-scaling-out-66d74b5d89-4sb44,1560777040156,674
scenario-scaling-out-66d74b5d89-4sb44,1560777041156,644
scenario-scaling-out-66d74b5d89-4sb44,1560777042157,671
scenario-scaling-out-66d74b5d89-4sb44,1560777043157,658
scenario-scaling-out-66d74b5d89-4sb44,1560777044158,676
scenario-scaling-out-66d74b5d89-4sb44,1560777045158,672
scenario-scaling-out-66d74b5d89-4sb44,1560777046157,686
scenario-scaling-out-66d74b5d89-4sb44,1560777047160,656
scenario-scaling-out-66d74b5d89-4sb44,1560777048160,625
scenario-scaling-out-66d74b5d89-4sb44,1560777049160,691
scenario-scaling-out-66d74b5d89-4sb44,1560777050160,687
scenario-scaling-out-66d74b5d89-4sb44,1560777051160,667
scenario-scaling-out-66d74b5d89-4sb44,1560777052161,678
scenario-scaling-out-66d74b5d89-4sb44,1560777053161,662
scenario-scaling-out-66d74b5d89-4sb44,1560777054163,667
scenario-scaling-out-66d74b5d89-4sb44,1560777055163,672
scenario-scaling-out-66d74b5d89-4sb44,1560777056162,643
scenario-scaling-out-66d74b5d89-4sb44,1560777057164,707
scenario-scaling-out-66d74b5d89-4sb44,1560777058166,641
scenario-scaling-out-66d74b5d89-4sb44,1560777059166,663
scenario-scaling-out-66d74b5d89-4sb44,1560777060166,656
scenario-scaling-out-66d74b5d89-4sb44,1560777061166,692
scenario-scaling-out-66d74b5d89-4sb44,1560777062167,691
scenario-scaling-out-66d74b5d89-4sb44,1560777063166,671
scenario-scaling-out-66d74b5d89-4sb44,1560777064167,659
scenario-scaling-out-66d74b5d89-4sb44,1560777065167,675
scenario-scaling-out-66d74b5d89-4sb44,1560777066167,683
scenario-scaling-out-66d74b5d89-4sb44,1560777067167,677
scenario-scaling-out-66d74b5d89-4sb44,1560777068168,639
scenario-scaling-out-66d74b5d89-4sb44,1560777069168,663
scenario-scaling-out-66d74b5d89-4sb44,1560777070168,666
scenario-scaling-out-66d74b5d89-4sb44,1560777071168,702
scenario-scaling-out-66d74b5d89-4sb44,1560777072168,683
scenario-scaling-out-66d74b5d89-4sb44,1560777073168,669
scenario-scaling-out-66d74b5d89-4sb44,1560777074169,678
scenario-scaling-out-66d74b5d89-4sb44,1560777075168,672
scenario-scaling-out-66d74b5d89-4sb44,1560777076168,686
scenario-scaling-out-66d74b5d89-4sb44,1560777077168,654
scenario-scaling-out-66d74b5d89-pntc5,1560776983229,524
scenario-scaling-out-66d74b5d89-pntc5,1560776984230,537
scenario-scaling-out-66d74b5d89-pntc5,1560776985231,513
scenario-scaling-out-66d74b5d89-pntc5,1560776986232,495
scenario-scaling-out-66d74b5d89-pntc5,1560776987234,475
scenario-scaling-out-66d74b5d89-pntc5,1560776988236,491
scenario-scaling-out-66d74b5d89-pntc5,1560776989236,496
scenario-scaling-out-66d74b5d89-pntc5,1560776990236,520
scenario-scaling-out-66d74b5d89-pntc5,1560776991237,524
scenario-scaling-out-66d74b5d89-pntc5,1560776992238,519
scenario-scaling-out-66d74b5d89-pntc5,1560776993238,526
scenario-scaling-out-66d74b5d89-pntc5,1560776994237,533
scenario-scaling-out-66d74b5d89-pntc5,1560776995237,528
scenario-scaling-out-66d74b5d89-pntc5,1560776996238,524
scenario-scaling-out-66d74b5d89-pntc5,1560776997238,519
scenario-scaling-out-66d74b5d89-pntc5,1560776998238,506
scenario-scaling-out-66d74b5d89-pntc5,1560776999240,591
scenario-scaling-out-66d74b5d89-pntc5,1560777000239,678
scenario-scaling-out-66d74b5d89-pntc5,1560777001244,688
scenario-scaling-out-66d74b5d89-pntc5,1560777002244,671
scenario-scaling-out-66d74b5d89-pntc5,1560777003245,513
scenario-scaling-out-66d74b5d89-pntc5,1560777004244,560
scenario-scaling-out-66d74b5d89-pntc5,1560777005253,657
scenario-scaling-out-66d74b5d89-pntc5,1560777006255,683
scenario-scaling-out-66d74b5d89-pntc5,1560777007257,676
scenario-scaling-out-66d74b5d89-pntc5,1560777008257,621
scenario-scaling-out-66d74b5d89-pntc5,1560777009258,660
scenario-scaling-out-66d74b5d89-pntc5,1560777010257,677
scenario-scaling-out-66d74b5d89-pntc5,1560777011257,702
scenario-scaling-out-66d74b5d89-pntc5,1560777012257,693
scenario-scaling-out-66d74b5d89-pntc5,1560777013257,669
scenario-scaling-out-66d74b5d89-pntc5,1560777014258,664
scenario-scaling-out-66d74b5d89-pntc5,1560777015261,668
scenario-scaling-out-66d74b5d89-pntc5,1560777016262,673
scenario-scaling-out-66d74b5d89-pntc5,1560777017261,683
scenario-scaling-out-66d74b5d89-pntc5,1560777018262,626
scenario-scaling-out-66d74b5d89-pntc5,1560777019261,650
scenario-scaling-out-66d74b5d89-pntc5,1560777020261,666
scenario-scaling-out-66d74b5d89-pntc5,1560777021261,693
scenario-scaling-out-66d74b5d89-pntc5,1560777022263,661
scenario-scaling-out-66d74b5d89-pntc5,1560777023263,650
scenario-scaling-out-66d74b5d89-pntc5,1560777024264,676
scenario-scaling-out-66d74b5d89-pntc5,1560777025264,675
scenario-scaling-out-66d74b5d89-pntc5,1560777026264,657
scenario-scaling-out-66d74b5d89-pntc5,1560777027265,667
scenario-scaling-out-66d74b5d89-pntc5,1560777028265,619
scenario-scaling-out-66d74b5d89-pntc5,1560777029266,685
scenario-scaling-out-66d74b5d89-pntc5,1560777030265,686
scenario-scaling-out-66d74b5d89-pntc5,1560777031265,675
scenario-scaling-out-66d74b5d89-pntc5,1560777032268,658
scenario-scaling-out-66d74b5d89-pntc5,1560777033268,662
scenario-scaling-out-66d74b5d89-pntc5,1560777034269,664
scenario-scaling-out-66d74b5d89-pntc5,1560777035270,672
scenario-scaling-out-66d74b5d89-pntc5,1560777036271,690
scenario-scaling-out-66d74b5d89-pntc5,1560777037270,672
scenario-scaling-out-66d74b5d89-pntc5,1560777038270,644
scenario-scaling-out-66d74b5d89-pntc5,1560777039271,650
scenario-scaling-out-66d74b5d89-pntc5,1560777040270,674
scenario-scaling-out-66d74b5d89-pntc5,1560777041270,644
scenario-scaling-out-66d74b5d89-pntc5,1560777042271,674
scenario-scaling-out-66d74b5d89-pntc5,1560777043271,657
scenario-scaling-out-66d74b5d89-pntc5,1560777044271,678
scenario-scaling-out-66d74b5d89-pntc5,1560777045271,670
scenario-scaling-out-66d74b5d89-pntc5,1560777046271,685
scenario-scaling-out-66d74b5d89-pntc5,1560777047274,653
scenario-scaling-out-66d74b5d89-pntc5,1560777048275,637
scenario-scaling-out-66d74b5d89-pntc5,1560777049274,686
scenario-scaling-out-66d74b5d89-pntc5,1560777050274,690
scenario-scaling-out-66d74b5d89-pntc5,1560777051274,671
scenario-scaling-out-66d74b5d89-pntc5,1560777052277,674
scenario-scaling-out-66d74b5d89-pntc5,1560777053277,665
scenario-scaling-out-66d74b5d89-pntc5,1560777054278,669
scenario-scaling-out-66d74b5d89-pntc5,1560777055292,669
scenario-scaling-out-66d74b5d89-pntc5,1560777056291,654
scenario-scaling-out-66d74b5d89-pntc5,1560777057291,707
scenario-scaling-out-66d74b5d89-pntc5,1560777058291,638
scenario-scaling-out-66d74b5d89-pntc5,1560777059292,644
scenario-scaling-out-66d74b5d89-pntc5,1560777060292,680
scenario-scaling-out-66d74b5d89-pntc5,1560777061292,690
scenario-scaling-out-66d74b5d89-pntc5,1560777062294,689
scenario-scaling-out-66d74b5d89-pntc5,1560777063295,676
scenario-scaling-out-66d74b5d89-pntc5,1560777064295,662
scenario-scaling-out-66d74b5d89-pntc5,1560777065297,668
scenario-scaling-out-66d74b5d89-pntc5,1560777066302,688
scenario-scaling-out-66d74b5d89-pntc5,1560777067303,680
scenario-scaling-out-66d74b5d89-pntc5,1560777068304,644
scenario-scaling-out-66d74b5d89-pntc5,1560777069304,665
scenario-scaling-out-66d74b5d89-pntc5,1560777070304,672
scenario-scaling-out-66d74b5d89-pntc5,1560777071303,696
scenario-scaling-out-66d74b5d89-pntc5,1560777072304,678
scenario-scaling-out-66d74b5d89-pntc5,1560777073303,669
scenario-scaling-out-66d74b5d89-pntc5,1560777074306,679
scenario-scaling-out-66d74b5d89-pntc5,1560777075305,667
scenario-scaling-out-66d74b5d89-pntc5,1560777076306,687
scenario-scaling-out-66d74b5d89-pntc5,1560777077306,633
scenario-scaling-out-66d74b5d89-78h6j,1560777123184,353
scenario-scaling-out-66d74b5d89-78h6j,1560777124186,382
scenario-scaling-out-66d74b5d89-78h6j,1560777125186,383
scenario-scaling-out-66d74b5d89-78h6j,1560777126185,387
scenario-scaling-out-66d74b5d89-78h6j,1560777127186,374
scenario-scaling-out-66d74b5d89-78h6j,1560777128187,353
scenario-scaling-out-66d74b5d89-78h6j,1560777129188,330
scenario-scaling-out-66d74b5d89-78h6j,1560777130190,374
scenario-scaling-out-66d74b5d89-78h6j,1560777131190,382
scenario-scaling-out-66d74b5d89-78h6j,1560777132191,405
scenario-scaling-out-66d74b5d89-78h6j,1560777133192,385
scenario-scaling-out-66d74b5d89-78h6j,1560777134192,417
scenario-scaling-out-66d74b5d89-78h6j,1560777135192,383
scenario-scaling-out-66d74b5d89-78h6j,1560777136195,390
scenario-scaling-out-66d74b5d89-78h6j,1560777137196,414
scenario-scaling-out-66d74b5d89-78h6j,1560777138198,492
scenario-scaling-out-66d74b5d89-78h6j,1560777139200,511
scenario-scaling-out-66d74b5d89-78h6j,1560777140201,531
scenario-scaling-out-66d74b5d89-78h6j,1560777141201,512
scenario-scaling-out-66d74b5d89-78h6j,1560777142202,533
scenario-scaling-out-66d74b5d89-78h6j,1560777143202,546
scenario-scaling-out-66d74b5d89-78h6j,1560777144204,528
scenario-scaling-out-66d74b5d89-78h6j,1560777145205,534
scenario-scaling-out-66d74b5d89-78h6j,1560777146208,522
scenario-scaling-out-66d74b5d89-78h6j,1560777147209,533
scenario-scaling-out-66d74b5d89-78h6j,1560777148210,482
scenario-scaling-out-66d74b5d89-78h6j,1560777149210,513
scenario-scaling-out-66d74b5d89-78h6j,1560777150210,527
scenario-scaling-out-66d74b5d89-78h6j,1560777151210,524
scenario-scaling-out-66d74b5d89-78h6j,1560777152213,527
scenario-scaling-out-66d74b5d89-78h6j,1560777153212,519
scenario-scaling-out-66d74b5d89-78h6j,1560777154213,529
scenario-scaling-out-66d74b5d89-78h6j,1560777155216,530
scenario-scaling-out-66d74b5d89-78h6j,1560777156217,515
scenario-scaling-out-66d74b5d89-78h6j,1560777157217,528
scenario-scaling-out-66d74b5d89-78h6j,1560777158217,506
scenario-scaling-out-66d74b5d89-78h6j,1560777159218,517
scenario-scaling-out-66d74b5d89-78h6j,1560777160220,464
scenario-scaling-out-66d74b5d89-78h6j,1560777161219,523
scenario-scaling-out-66d74b5d89-78h6j,1560777162219,529
scenario-scaling-out-66d74b5d89-78h6j,1560777163219,528
scenario-scaling-out-66d74b5d89-78h6j,1560777164220,532
scenario-scaling-out-66d74b5d89-78h6j,1560777165220,539
scenario-scaling-out-66d74b5d89-78h6j,1560777166223,526
scenario-scaling-out-66d74b5d89-78h6j,1560777167225,539
scenario-scaling-out-66d74b5d89-78h6j,1560777168225,520
scenario-scaling-out-66d74b5d89-78h6j,1560777169227,508
scenario-scaling-out-66d74b5d89-78h6j,1560777170226,520
scenario-scaling-out-66d74b5d89-78h6j,1560777171228,528
scenario-scaling-out-66d74b5d89-78h6j,1560777172228,541
scenario-scaling-out-66d74b5d89-78h6j,1560777173228,538
scenario-scaling-out-66d74b5d89-78h6j,1560777174228,535
scenario-scaling-out-66d74b5d89-78h6j,1560777175228,525
scenario-scaling-out-66d74b5d89-78h6j,1560777176229,523
scenario-scaling-out-66d74b5d89-78h6j,1560777177228,521
scenario-scaling-out-66d74b5d89-78h6j,1560777178228,520
scenario-scaling-out-66d74b5d89-78h6j,1560777179228,502
scenario-scaling-out-66d74b5d89-78h6j,1560777180230,524
scenario-scaling-out-66d74b5d89-78h6j,1560777181230,531
scenario-scaling-out-66d74b5d89-78h6j,1560777182229,530
scenario-scaling-out-66d74b5d89-78h6j,1560777183230,523
scenario-scaling-out-66d74b5d89-78h6j,1560777184230,527
scenario-scaling-out-66d74b5d89-78h6j,1560777185229,521
scenario-scaling-out-66d74b5d89-78h6j,1560777186230,542
scenario-scaling-out-66d74b5d89-78h6j,1560777187229,531
scenario-scaling-out-66d74b5d89-78h6j,1560777188229,515
scenario-scaling-out-66d74b5d89-78h6j,1560777189229,518
scenario-scaling-out-66d74b5d89-78h6j,1560777190230,526
scenario-scaling-out-66d74b5d89-78h6j,1560777191231,543
scenario-scaling-out-66d74b5d89-78h6j,1560777192232,499
scenario-scaling-out-66d74b5d89-78h6j,1560777193231,527
scenario-scaling-out-66d74b5d89-78h6j,1560777194232,517
scenario-scaling-out-66d74b5d89-78h6j,1560777195231,542
scenario-scaling-out-66d74b5d89-78h6j,1560777196232,537
scenario-scaling-out-66d74b5d89-78h6j,1560777197233,536
scenario-scaling-out-66d74b5d89-78h6j,1560777198233,516
scenario-scaling-out-66d74b5d89-78h6j,1560777199234,508
scenario-scaling-out-66d74b5d89-78h6j,1560777200237,445
scenario-scaling-out-66d74b5d89-78h6j,1560777201238,540
scenario-scaling-out-66d74b5d89-78h6j,1560777202238,524
scenario-scaling-out-66d74b5d89-78h6j,1560777203240,517
scenario-scaling-out-66d74b5d89-78h6j,1560777204241,541
scenario-scaling-out-66d74b5d89-78h6j,1560777205240,492
scenario-scaling-out-66d74b5d89-78h6j,1560777206242,533
scenario-scaling-out-66d74b5d89-78h6j,1560777207242,526
scenario-scaling-out-66d74b5d89-78h6j,1560777208249,542
scenario-scaling-out-66d74b5d89-78h6j,1560777209249,494
scenario-scaling-out-66d74b5d89-78h6j,1560777210250,532
scenario-scaling-out-66d74b5d89-78h6j,1560777211250,532
scenario-scaling-out-66d74b5d89-78h6j,1560777212249,522
scenario-scaling-out-66d74b5d89-78h6j,1560777213251,535
scenario-scaling-out-66d74b5d89-78h6j,1560777214251,526
scenario-scaling-out-66d74b5d89-78h6j,1560777215252,531
scenario-scaling-out-66d74b5d89-78h6j,1560777216251,544
scenario-scaling-out-66d74b5d89-tmd6h,1560777123225,362
scenario-scaling-out-66d74b5d89-tmd6h,1560777124226,387
scenario-scaling-out-66d74b5d89-tmd6h,1560777125227,374
scenario-scaling-out-66d74b5d89-tmd6h,1560777126227,381
scenario-scaling-out-66d74b5d89-tmd6h,1560777127230,369
scenario-scaling-out-66d74b5d89-tmd6h,1560777128234,358
scenario-scaling-out-66d74b5d89-tmd6h,1560777129236,340
scenario-scaling-out-66d74b5d89-tmd6h,1560777130239,385
scenario-scaling-out-66d74b5d89-tmd6h,1560777131241,384
scenario-scaling-out-66d74b5d89-tmd6h,1560777132243,402
scenario-scaling-out-66d74b5d89-tmd6h,1560777133242,381
scenario-scaling-out-66d74b5d89-tmd6h,1560777134243,419
scenario-scaling-out-66d74b5d89-tmd6h,1560777135242,386
scenario-scaling-out-66d74b5d89-tmd6h,1560777136242,397
scenario-scaling-out-66d74b5d89-tmd6h,1560777137244,408
scenario-scaling-out-66d74b5d89-tmd6h,1560777138244,497
scenario-scaling-out-66d74b5d89-tmd6h,1560777139244,529
scenario-scaling-out-66d74b5d89-tmd6h,1560777140246,543
scenario-scaling-out-66d74b5d89-tmd6h,1560777141247,519
scenario-scaling-out-66d74b5d89-tmd6h,1560777142249,533
scenario-scaling-out-66d74b5d89-tmd6h,1560777143249,555
scenario-scaling-out-66d74b5d89-tmd6h,1560777144250,542
scenario-scaling-out-66d74b5d89-tmd6h,1560777145250,544
scenario-scaling-out-66d74b5d89-tmd6h,1560777146250,528
scenario-scaling-out-66d74b5d89-tmd6h,1560777147250,543
scenario-scaling-out-66d74b5d89-tmd6h,1560777148253,491
scenario-scaling-out-66d74b5d89-tmd6h,1560777149252,536
scenario-scaling-out-66d74b5d89-tmd6h,1560777150253,544
scenario-scaling-out-66d74b5d89-tmd6h,1560777151255,544
scenario-scaling-out-66d74b5d89-tmd6h,1560777152254,540
scenario-scaling-out-66d74b5d89-tmd6h,1560777153256,534
scenario-scaling-out-66d74b5d89-tmd6h,1560777154257,544
scenario-scaling-out-66d74b5d89-tmd6h,1560777155260,547
scenario-scaling-out-66d74b5d89-tmd6h,1560777156260,536
scenario-scaling-out-66d74b5d89-tmd6h,1560777157260,527
scenario-scaling-out-66d74b5d89-tmd6h,1560777158262,498
scenario-scaling-out-66d74b5d89-tmd6h,1560777159263,538
scenario-scaling-out-66d74b5d89-tmd6h,1560777160262,482
scenario-scaling-out-66d74b5d89-tmd6h,1560777161262,530
scenario-scaling-out-66d74b5d89-tmd6h,1560777162264,548
scenario-scaling-out-66d74b5d89-tmd6h,1560777163265,534
scenario-scaling-out-66d74b5d89-tmd6h,1560777164265,543
scenario-scaling-out-66d74b5d89-tmd6h,1560777165265,539
scenario-scaling-out-66d74b5d89-tmd6h,1560777166266,529
scenario-scaling-out-66d74b5d89-tmd6h,1560777167267,542
scenario-scaling-out-66d74b5d89-tmd6h,1560777168270,523
scenario-scaling-out-66d74b5d89-tmd6h,1560777169270,512
scenario-scaling-out-66d74b5d89-tmd6h,1560777170270,516
scenario-scaling-out-66d74b5d89-tmd6h,1560777171271,527
scenario-scaling-out-66d74b5d89-tmd6h,1560777172272,544
scenario-scaling-out-66d74b5d89-tmd6h,1560777173273,531
scenario-scaling-out-66d74b5d89-tmd6h,1560777174273,536
scenario-scaling-out-66d74b5d89-tmd6h,1560777175274,526
scenario-scaling-out-66d74b5d89-tmd6h,1560777176273,525
scenario-scaling-out-66d74b5d89-tmd6h,1560777177274,523
scenario-scaling-out-66d74b5d89-tmd6h,1560777178276,516
scenario-scaling-out-66d74b5d89-tmd6h,1560777179279,506
scenario-scaling-out-66d74b5d89-tmd6h,1560777180279,521
scenario-scaling-out-66d74b5d89-tmd6h,1560777181279,533
scenario-scaling-out-66d74b5d89-tmd6h,1560777182279,528
scenario-scaling-out-66d74b5d89-tmd6h,1560777183279,525
scenario-scaling-out-66d74b5d89-tmd6h,1560777184281,532
scenario-scaling-out-66d74b5d89-tmd6h,1560777185281,515
scenario-scaling-out-66d74b5d89-tmd6h,1560777186280,545
scenario-scaling-out-66d74b5d89-tmd6h,1560777187280,527
scenario-scaling-out-66d74b5d89-tmd6h,1560777188280,509
scenario-scaling-out-66d74b5d89-tmd6h,1560777189280,520
scenario-scaling-out-66d74b5d89-tmd6h,1560777190282,531
scenario-scaling-out-66d74b5d89-tmd6h,1560777191282,539
scenario-scaling-out-66d74b5d89-tmd6h,1560777192283,502
scenario-scaling-out-66d74b5d89-tmd6h,1560777193284,526
scenario-scaling-out-66d74b5d89-tmd6h,1560777194284,522
scenario-scaling-out-66d74b5d89-tmd6h,1560777195285,536
scenario-scaling-out-66d74b5d89-tmd6h,1560777196287,537
scenario-scaling-out-66d74b5d89-tmd6h,1560777197288,537
scenario-scaling-out-66d74b5d89-tmd6h,1560777198289,519
scenario-scaling-out-66d74b5d89-tmd6h,1560777199289,513
scenario-scaling-out-66d74b5d89-tmd6h,1560777200289,442
scenario-scaling-out-66d74b5d89-tmd6h,1560777201289,538
scenario-scaling-out-66d74b5d89-tmd6h,1560777202290,530
scenario-scaling-out-66d74b5d89-tmd6h,1560777203291,520
scenario-scaling-out-66d74b5d89-tmd6h,1560777204292,542
scenario-scaling-out-66d74b5d89-tmd6h,1560777205293,495
scenario-scaling-out-66d74b5d89-tmd6h,1560777206298,533
scenario-scaling-out-66d74b5d89-tmd6h,1560777207299,530
scenario-scaling-out-66d74b5d89-tmd6h,1560777208298,524
scenario-scaling-out-66d74b5d89-tmd6h,1560777209299,499
scenario-scaling-out-66d74b5d89-tmd6h,1560777210299,528
scenario-scaling-out-66d74b5d89-tmd6h,1560777211299,534
scenario-scaling-out-66d74b5d89-tmd6h,1560777212300,522
scenario-scaling-out-66d74b5d89-tmd6h,1560777213301,535
scenario-scaling-out-66d74b5d89-tmd6h,1560777214300,524
scenario-scaling-out-66d74b5d89-tmd6h,1560777215301,532
scenario-scaling-out-66d74b5d89-tmd6h,1560777216302,542
scenario-scaling-out-66d74b5d89-nj49f,1560777266733,317
scenario-scaling-out-66d74b5d89-nj49f,1560777267734,308
scenario-scaling-out-66d74b5d89-nj49f,1560777268735,241
scenario-scaling-out-66d74b5d89-nj49f,1560777269735,323
scenario-scaling-out-66d74b5d89-nj49f,1560777270736,348
scenario-scaling-out-66d74b5d89-nj49f,1560777271739,319
scenario-scaling-out-66d74b5d89-nj49f,1560777272746,304
scenario-scaling-out-66d74b5d89-nj49f,1560777273746,349
scenario-scaling-out-66d74b5d89-nj49f,1560777274747,352
scenario-scaling-out-66d74b5d89-nj49f,1560777275747,304
scenario-scaling-out-66d74b5d89-nj49f,1560777276748,260
scenario-scaling-out-66d74b5d89-nj49f,1560777277750,212
scenario-scaling-out-66d74b5d89-nj49f,1560777278753,303
scenario-scaling-out-66d74b5d89-nj49f,1560777279755,317
scenario-scaling-out-66d74b5d89-nj49f,1560777280756,298
scenario-scaling-out-66d74b5d89-nj49f,1560777281758,317
scenario-scaling-out-66d74b5d89-nj49f,1560777282764,313
scenario-scaling-out-66d74b5d89-nj49f,1560777283766,303
scenario-scaling-out-66d74b5d89-nj49f,1560777284770,334
scenario-scaling-out-66d74b5d89-nj49f,1560777285769,318
scenario-scaling-out-66d74b5d89-nj49f,1560777286770,337
scenario-scaling-out-66d74b5d89-nj49f,1560777287772,338
scenario-scaling-out-66d74b5d89-nj49f,1560777288775,327
scenario-scaling-out-66d74b5d89-nj49f,1560777289775,326
scenario-scaling-out-66d74b5d89-nj49f,1560777290776,317
scenario-scaling-out-66d74b5d89-nj49f,1560777291781,306
scenario-scaling-out-66d74b5d89-nj49f,1560777292781,303
scenario-scaling-out-66d74b5d89-nj49f,1560777293790,303
scenario-scaling-out-66d74b5d89-nj49f,1560777294790,300
scenario-scaling-out-66d74b5d89-nj49f,1560777295790,369
scenario-scaling-out-66d74b5d89-nj49f,1560777296791,402
scenario-scaling-out-66d74b5d89-nj49f,1560777297791,392
scenario-scaling-out-66d74b5d89-nj49f,1560777298794,399
scenario-scaling-out-66d74b5d89-nj49f,1560777299796,375
scenario-scaling-out-66d74b5d89-nj49f,1560777300798,390
scenario-scaling-out-66d74b5d89-nj49f,1560777301798,380
scenario-scaling-out-66d74b5d89-nj49f,1560777302799,399
scenario-scaling-out-66d74b5d89-nj49f,1560777303801,385
scenario-scaling-out-66d74b5d89-nj49f,1560777304802,400
scenario-scaling-out-66d74b5d89-nj49f,1560777305803,403
scenario-scaling-out-66d74b5d89-nj49f,1560777306803,395
scenario-scaling-out-66d74b5d89-nj49f,1560777307803,409
scenario-scaling-out-66d74b5d89-nj49f,1560777308805,383
scenario-scaling-out-66d74b5d89-nj49f,1560777309806,389
scenario-scaling-out-66d74b5d89-nj49f,1560777310807,375
scenario-scaling-out-66d74b5d89-nj49f,1560777311809,391
scenario-scaling-out-66d74b5d89-nj49f,1560777312812,384
scenario-scaling-out-66d74b5d89-nj49f,1560777313811,377
scenario-scaling-out-66d74b5d89-nj49f,1560777314811,376
scenario-scaling-out-66d74b5d89-nj49f,1560777315811,393
scenario-scaling-out-66d74b5d89-nj49f,1560777316811,401
scenario-scaling-out-66d74b5d89-nj49f,1560777317811,412
scenario-scaling-out-66d74b5d89-nj49f,1560777318813,394
scenario-scaling-out-66d74b5d89-nj49f,1560777319813,375
scenario-scaling-out-66d74b5d89-nj49f,1560777320815,380
scenario-scaling-out-66d74b5d89-nj49f,1560777321815,397
scenario-scaling-out-66d74b5d89-nj49f,1560777322816,399
scenario-scaling-out-66d74b5d89-nj49f,1560777323817,376
scenario-scaling-out-66d74b5d89-nj49f,1560777324818,407
scenario-scaling-out-66d74b5d89-nj49f,1560777325819,393
scenario-scaling-out-66d74b5d89-nj49f,1560777326818,405
scenario-scaling-out-66d74b5d89-nj49f,1560777327818,400
scenario-scaling-out-66d74b5d89-nj49f,1560777328819,399
scenario-scaling-out-66d74b5d89-nj49f,1560777329820,401
scenario-scaling-out-66d74b5d89-nj49f,1560777330820,388
scenario-scaling-out-66d74b5d89-nj49f,1560777331823,403
scenario-scaling-out-66d74b5d89-nj49f,1560777332823,388
scenario-scaling-out-66d74b5d89-nj49f,1560777333825,405
scenario-scaling-out-66d74b5d89-nj49f,1560777334824,422
scenario-scaling-out-66d74b5d89-nj49f,1560777335824,390
scenario-scaling-out-66d74b5d89-nj49f,1560777336824,377
scenario-scaling-out-66d74b5d89-nj49f,1560777337825,397
scenario-scaling-out-66d74b5d89-nj49f,1560777338827,373
scenario-scaling-out-66d74b5d89-nj49f,1560777339828,379
scenario-scaling-out-66d74b5d89-nj49f,1560777340829,359
scenario-scaling-out-66d74b5d89-nj49f,1560777341828,388
scenario-scaling-out-66d74b5d89-nj49f,1560777342829,403
scenario-scaling-out-66d74b5d89-nj49f,1560777343829,389
scenario-scaling-out-66d74b5d89-nj49f,1560777344829,392
scenario-scaling-out-66d74b5d89-nj49f,1560777345832,408
scenario-scaling-out-66d74b5d89-nj49f,1560777346831,372
scenario-scaling-out-66d74b5d89-nj49f,1560777347832,384
scenario-scaling-out-66d74b5d89-nj49f,1560777348833,394
scenario-scaling-out-66d74b5d89-nj49f,1560777349835,392
scenario-scaling-out-66d74b5d89-nj49f,1560777350834,382
scenario-scaling-out-66d74b5d89-nj49f,1560777351835,364
scenario-scaling-out-66d74b5d89-nj49f,1560777352835,393
scenario-scaling-out-66d74b5d89-nj49f,1560777353836,395
scenario-scaling-out-66d74b5d89-nj49f,1560777354837,391
scenario-scaling-out-66d74b5d89-nj49f,1560777355837,387
scenario-scaling-out-66d74b5d89-nj49f,1560777356839,388
scenario-scaling-out-66d74b5d89-wk2bd,1560777266705,312
scenario-scaling-out-66d74b5d89-wk2bd,1560777267707,311
scenario-scaling-out-66d74b5d89-wk2bd,1560777268708,245
scenario-scaling-out-66d74b5d89-wk2bd,1560777269710,320
scenario-scaling-out-66d74b5d89-wk2bd,1560777270711,348
scenario-scaling-out-66d74b5d89-wk2bd,1560777271714,320
scenario-scaling-out-66d74b5d89-wk2bd,1560777272716,305
scenario-scaling-out-66d74b5d89-wk2bd,1560777273716,345
scenario-scaling-out-66d74b5d89-wk2bd,1560777274718,350
scenario-scaling-out-66d74b5d89-wk2bd,1560777275724,311
scenario-scaling-out-66d74b5d89-wk2bd,1560777276725,251
scenario-scaling-out-66d74b5d89-wk2bd,1560777277730,212
scenario-scaling-out-66d74b5d89-wk2bd,1560777278731,297
scenario-scaling-out-66d74b5d89-wk2bd,1560777279732,317
scenario-scaling-out-66d74b5d89-wk2bd,1560777280734,299
scenario-scaling-out-66d74b5d89-wk2bd,1560777281734,314
scenario-scaling-out-66d74b5d89-wk2bd,1560777282736,311
scenario-scaling-out-66d74b5d89-wk2bd,1560777283738,297
scenario-scaling-out-66d74b5d89-wk2bd,1560777284739,338
scenario-scaling-out-66d74b5d89-wk2bd,1560777285740,315
scenario-scaling-out-66d74b5d89-wk2bd,1560777286741,333
scenario-scaling-out-66d74b5d89-wk2bd,1560777287743,334
scenario-scaling-out-66d74b5d89-wk2bd,1560777288744,319
scenario-scaling-out-66d74b5d89-wk2bd,1560777289746,328
scenario-scaling-out-66d74b5d89-wk2bd,1560777290747,326
scenario-scaling-out-66d74b5d89-wk2bd,1560777291752,310
scenario-scaling-out-66d74b5d89-wk2bd,1560777292751,301
scenario-scaling-out-66d74b5d89-wk2bd,1560777293764,306
scenario-scaling-out-66d74b5d89-wk2bd,1560777294770,293
scenario-scaling-out-66d74b5d89-wk2bd,1560777295773,362
scenario-scaling-out-66d74b5d89-wk2bd,1560777296773,400
scenario-scaling-out-66d74b5d89-wk2bd,1560777297774,393
scenario-scaling-out-66d74b5d89-wk2bd,1560777298777,393
scenario-scaling-out-66d74b5d89-wk2bd,1560777299780,366
scenario-scaling-out-66d74b5d89-wk2bd,1560777300783,383
scenario-scaling-out-66d74b5d89-wk2bd,1560777301785,370
scenario-scaling-out-66d74b5d89-wk2bd,1560777302785,393
scenario-scaling-out-66d74b5d89-wk2bd,1560777303790,385
scenario-scaling-out-66d74b5d89-wk2bd,1560777304791,390
scenario-scaling-out-66d74b5d89-wk2bd,1560777305793,390
scenario-scaling-out-66d74b5d89-wk2bd,1560777306793,386
scenario-scaling-out-66d74b5d89-wk2bd,1560777307795,403
scenario-scaling-out-66d74b5d89-wk2bd,1560777308795,379
scenario-scaling-out-66d74b5d89-wk2bd,1560777309797,378
scenario-scaling-out-66d74b5d89-wk2bd,1560777310797,369
scenario-scaling-out-66d74b5d89-wk2bd,1560777311798,385
scenario-scaling-out-66d74b5d89-wk2bd,1560777312799,383
scenario-scaling-out-66d74b5d89-wk2bd,1560777313801,368
scenario-scaling-out-66d74b5d89-wk2bd,1560777314802,368
scenario-scaling-out-66d74b5d89-wk2bd,1560777315802,386
scenario-scaling-out-66d74b5d89-wk2bd,1560777316802,399
scenario-scaling-out-66d74b5d89-wk2bd,1560777317802,412
scenario-scaling-out-66d74b5d89-wk2bd,1560777318803,400
scenario-scaling-out-66d74b5d89-wk2bd,1560777319806,378
scenario-scaling-out-66d74b5d89-wk2bd,1560777320805,381
scenario-scaling-out-66d74b5d89-wk2bd,1560777321805,398
scenario-scaling-out-66d74b5d89-wk2bd,1560777322807,401
scenario-scaling-out-66d74b5d89-wk2bd,1560777323808,376
scenario-scaling-out-66d74b5d89-wk2bd,1560777324808,408
scenario-scaling-out-66d74b5d89-wk2bd,1560777325809,390
scenario-scaling-out-66d74b5d89-wk2bd,1560777326811,402
scenario-scaling-out-66d74b5d89-wk2bd,1560777327813,404
scenario-scaling-out-66d74b5d89-wk2bd,1560777328812,400
scenario-scaling-out-66d74b5d89-wk2bd,1560777329815,394
scenario-scaling-out-66d74b5d89-wk2bd,1560777330816,391
scenario-scaling-out-66d74b5d89-wk2bd,1560777331817,402
scenario-scaling-out-66d74b5d89-wk2bd,1560777332819,388
scenario-scaling-out-66d74b5d89-wk2bd,1560777333818,404
scenario-scaling-out-66d74b5d89-wk2bd,1560777334820,421
scenario-scaling-out-66d74b5d89-wk2bd,1560777335820,384
scenario-scaling-out-66d74b5d89-wk2bd,1560777336820,379
scenario-scaling-out-66d74b5d89-wk2bd,1560777337821,395
scenario-scaling-out-66d74b5d89-wk2bd,1560777338822,372
scenario-scaling-out-66d74b5d89-wk2bd,1560777339824,380
scenario-scaling-out-66d74b5d89-wk2bd,1560777340825,360
scenario-scaling-out-66d74b5d89-wk2bd,1560777341826,392
scenario-scaling-out-66d74b5d89-wk2bd,1560777342827,401
scenario-scaling-out-66d74b5d89-wk2bd,1560777343827,389
scenario-scaling-out-66d74b5d89-wk2bd,1560777344828,392
scenario-scaling-out-66d74b5d89-wk2bd,1560777345831,406
scenario-scaling-out-66d74b5d89-wk2bd,1560777346831,375
scenario-scaling-out-66d74b5d89-wk2bd,1560777347832,384
scenario-scaling-out-66d74b5d89-wk2bd,1560777348833,393
scenario-scaling-out-66d74b5d89-wk2bd,1560777349835,391
scenario-scaling-out-66d74b5d89-wk2bd,1560777350836,386
scenario-scaling-out-66d74b5d89-wk2bd,1560777351835,366
scenario-scaling-out-66d74b5d89-wk2bd,1560777352836,395
scenario-scaling-out-66d74b5d89-wk2bd,1560777353838,398
scenario-scaling-out-66d74b5d89-wk2bd,1560777354839,391
scenario-scaling-out-66d74b5d89-wk2bd,1560777355840,391
scenario-scaling-out-66d74b5d89-wk2bd,1560777356839,387
scenario-scaling-out-66d74b5d89-6lp7z,1560777432113,488
scenario-scaling-out-66d74b5d89-6lp7z,1560777433114,453
scenario-scaling-out-66d74b5d89-6lp7z,1560777434119,382
scenario-scaling-out-66d74b5d89-6lp7z,1560777435120,458
scenario-scaling-out-66d74b5d89-6lp7z,1560777436121,355
scenario-scaling-out-66d74b5d89-6lp7z,1560777437121,520
scenario-scaling-out-66d74b5d89-6lp7z,1560777438121,447
scenario-scaling-out-66d74b5d89-6lp7z,1560777439123,439
scenario-scaling-out-66d74b5d89-6lp7z,1560777440123,555
scenario-scaling-out-66d74b5d89-6lp7z,1560777441124,508
scenario-scaling-out-66d74b5d89-6lp7z,1560777442125,565
scenario-scaling-out-66d74b5d89-6lp7z,1560777443124,556
scenario-scaling-out-66d74b5d89-6lp7z,1560777444124,584
scenario-scaling-out-66d74b5d89-6lp7z,1560777445125,571
scenario-scaling-out-66d74b5d89-6lp7z,1560777446125,563
scenario-scaling-out-66d74b5d89-6lp7z,1560777447128,561
scenario-scaling-out-66d74b5d89-6lp7z,1560777448128,567
scenario-scaling-out-66d74b5d89-6lp7z,1560777449129,571
scenario-scaling-out-66d74b5d89-6lp7z,1560777450131,592
scenario-scaling-out-66d74b5d89-6lp7z,1560777451133,531
scenario-scaling-out-66d74b5d89-6lp7z,1560777452134,572
scenario-scaling-out-66d74b5d89-6lp7z,1560777453135,578
scenario-scaling-out-66d74b5d89-6lp7z,1560777454137,582
scenario-scaling-out-66d74b5d89-6lp7z,1560777455139,586
scenario-scaling-out-66d74b5d89-6lp7z,1560777456142,583
scenario-scaling-out-66d74b5d89-6lp7z,1560777457141,574
scenario-scaling-out-66d74b5d89-6lp7z,1560777458144,564
scenario-scaling-out-66d74b5d89-6lp7z,1560777459144,592
scenario-scaling-out-66d74b5d89-6lp7z,1560777460147,591
scenario-scaling-out-66d74b5d89-6lp7z,1560777461162,552
scenario-scaling-out-66d74b5d89-6lp7z,1560777462163,530
scenario-scaling-out-66d74b5d89-6lp7z,1560777463162,591
scenario-scaling-out-66d74b5d89-6lp7z,1560777464162,584
scenario-scaling-out-66d74b5d89-6lp7z,1560777465162,556
scenario-scaling-out-66d74b5d89-6lp7z,1560777466163,565
scenario-scaling-out-66d74b5d89-6lp7z,1560777467164,581
scenario-scaling-out-66d74b5d89-6lp7z,1560777468163,582
scenario-scaling-out-66d74b5d89-6lp7z,1560777469165,589
scenario-scaling-out-66d74b5d89-6lp7z,1560777470165,601
scenario-scaling-out-66d74b5d89-6lp7z,1560777471165,554
scenario-scaling-out-66d74b5d89-6lp7z,1560777472166,594
scenario-scaling-out-66d74b5d89-6lp7z,1560777473168,593
scenario-scaling-out-66d74b5d89-6lp7z,1560777474169,593
scenario-scaling-out-66d74b5d89-6lp7z,1560777475168,590
scenario-scaling-out-66d74b5d89-6lp7z,1560777476168,586
scenario-scaling-out-66d74b5d89-6lp7z,1560777477168,579
scenario-scaling-out-66d74b5d89-6lp7z,1560777478168,574
scenario-scaling-out-66d74b5d89-6lp7z,1560777479170,580
scenario-scaling-out-66d74b5d89-6lp7z,1560777480171,593
scenario-scaling-out-66d74b5d89-6lp7z,1560777481172,549
scenario-scaling-out-66d74b5d89-6lp7z,1560777482174,572
scenario-scaling-out-66d74b5d89-6lp7z,1560777483176,565
scenario-scaling-out-66d74b5d89-6lp7z,1560777484177,570
scenario-scaling-out-66d74b5d89-6lp7z,1560777485178,582
scenario-scaling-out-66d74b5d89-6lp7z,1560777486181,571
scenario-scaling-out-66d74b5d89-6lp7z,1560777487182,582
scenario-scaling-out-66d74b5d89-6lp7z,1560777488181,572
scenario-scaling-out-66d74b5d89-6lp7z,1560777489182,563
scenario-scaling-out-66d74b5d89-6lp7z,1560777490182,596
scenario-scaling-out-66d74b5d89-6lp7z,1560777491183,560
scenario-scaling-out-66d74b5d89-6lp7z,1560777492185,583
scenario-scaling-out-66d74b5d89-6lp7z,1560777493185,519
scenario-scaling-out-66d74b5d89-6lp7z,1560777494187,560
scenario-scaling-out-66d74b5d89-6lp7z,1560777495188,593
scenario-scaling-out-66d74b5d89-6lp7z,1560777496191,582
scenario-scaling-out-66d74b5d89-8d8pb,1560777425199,172
scenario-scaling-out-66d74b5d89-8d8pb,1560777426205,181
scenario-scaling-out-66d74b5d89-8d8pb,1560777427206,179
scenario-scaling-out-66d74b5d89-8d8pb,1560777428209,177
scenario-scaling-out-66d74b5d89-8d8pb,1560777429215,178
scenario-scaling-out-66d74b5d89-8d8pb,1560777430219,153
scenario-scaling-out-66d74b5d89-8d8pb,1560777431220,253
scenario-scaling-out-66d74b5d89-8d8pb,1560777432221,508
scenario-scaling-out-66d74b5d89-8d8pb,1560777433222,463
scenario-scaling-out-66d74b5d89-8d8pb,1560777434225,347
scenario-scaling-out-66d74b5d89-8d8pb,1560777435225,515
scenario-scaling-out-66d74b5d89-8d8pb,1560777436225,319
scenario-scaling-out-66d74b5d89-8d8pb,1560777437227,565
scenario-scaling-out-66d74b5d89-8d8pb,1560777438228,443
scenario-scaling-out-66d74b5d89-8d8pb,1560777439229,439
scenario-scaling-out-66d74b5d89-8d8pb,1560777440230,555
scenario-scaling-out-66d74b5d89-8d8pb,1560777441231,531
scenario-scaling-out-66d74b5d89-8d8pb,1560777442232,572
scenario-scaling-out-66d74b5d89-8d8pb,1560777443232,552
scenario-scaling-out-66d74b5d89-8d8pb,1560777444232,586
scenario-scaling-out-66d74b5d89-8d8pb,1560777445235,569
scenario-scaling-out-66d74b5d89-8d8pb,1560777446236,562
scenario-scaling-out-66d74b5d89-8d8pb,1560777447236,570
scenario-scaling-out-66d74b5d89-8d8pb,1560777448236,564
scenario-scaling-out-66d74b5d89-8d8pb,1560777449237,576
scenario-scaling-out-66d74b5d89-8d8pb,1560777450238,591
scenario-scaling-out-66d74b5d89-8d8pb,1560777451239,527
scenario-scaling-out-66d74b5d89-8d8pb,1560777452240,573
scenario-scaling-out-66d74b5d89-8d8pb,1560777453240,573
scenario-scaling-out-66d74b5d89-8d8pb,1560777454240,578
scenario-scaling-out-66d74b5d89-8d8pb,1560777455243,587
scenario-scaling-out-66d74b5d89-8d8pb,1560777456244,579
scenario-scaling-out-66d74b5d89-8d8pb,1560777457246,576
scenario-scaling-out-66d74b5d89-8d8pb,1560777458247,564
scenario-scaling-out-66d74b5d89-8d8pb,1560777459246,582
scenario-scaling-out-66d74b5d89-8d8pb,1560777460247,598
scenario-scaling-out-66d74b5d89-8d8pb,1560777461247,500
scenario-scaling-out-66d74b5d89-8d8pb,1560777462247,568
scenario-scaling-out-66d74b5d89-8d8pb,1560777463247,591
scenario-scaling-out-66d74b5d89-8d8pb,1560777464248,578
scenario-scaling-out-66d74b5d89-8d8pb,1560777465249,558
scenario-scaling-out-66d74b5d89-8d8pb,1560777466250,572
scenario-scaling-out-66d74b5d89-8d8pb,1560777467251,584
scenario-scaling-out-66d74b5d89-8d8pb,1560777468252,584
scenario-scaling-out-66d74b5d89-8d8pb,1560777469251,586
scenario-scaling-out-66d74b5d89-8d8pb,1560777470253,602
scenario-scaling-out-66d74b5d89-8d8pb,1560777471254,557
scenario-scaling-out-66d74b5d89-8d8pb,1560777472255,589
scenario-scaling-out-66d74b5d89-8d8pb,1560777473256,593
scenario-scaling-out-66d74b5d89-8d8pb,1560777474256,595
scenario-scaling-out-66d74b5d89-8d8pb,1560777475255,585
scenario-scaling-out-66d74b5d89-8d8pb,1560777476256,585
scenario-scaling-out-66d74b5d89-8d8pb,1560777477257,585
scenario-scaling-out-66d74b5d89-8d8pb,1560777478257,570
scenario-scaling-out-66d74b5d89-8d8pb,1560777479256,581
scenario-scaling-out-66d74b5d89-8d8pb,1560777480256,588
scenario-scaling-out-66d74b5d89-8d8pb,1560777481257,548
scenario-scaling-out-66d74b5d89-8d8pb,1560777482258,573
scenario-scaling-out-66d74b5d89-8d8pb,1560777483259,565
scenario-scaling-out-66d74b5d89-8d8pb,1560777484260,573
scenario-scaling-out-66d74b5d89-8d8pb,1560777485260,582
scenario-scaling-out-66d74b5d89-8d8pb,1560777486261,567
scenario-scaling-out-66d74b5d89-8d8pb,1560777487262,584
scenario-scaling-out-66d74b5d89-8d8pb,1560777488263,574
scenario-scaling-out-66d74b5d89-8d8pb,1560777489263,568
scenario-scaling-out-66d74b5d89-8d8pb,1560777490264,600
scenario-scaling-out-66d74b5d89-8d8pb,1560777491263,564
scenario-scaling-out-66d74b5d89-8d8pb,1560777492263,583
scenario-scaling-out-66d74b5d89-8d8pb,1560777493263,519
scenario-scaling-out-66d74b5d89-8d8pb,1560777494264,555
scenario-scaling-out-66d74b5d89-8d8pb,1560777495264,587
scenario-scaling-out-66d74b5d89-8d8pb,1560777496265,580
scenario-scaling-out-66d74b5d89-m4cv2,1560777411944,188
scenario-scaling-out-66d74b5d89-m4cv2,1560777412948,229
scenario-scaling-out-66d74b5d89-m4cv2,1560777413950,197
scenario-scaling-out-66d74b5d89-m4cv2,1560777414950,187
scenario-scaling-out-66d74b5d89-m4cv2,1560777415951,193
scenario-scaling-out-66d74b5d89-m4cv2,1560777416950,189
scenario-scaling-out-66d74b5d89-m4cv2,1560777417958,196
scenario-scaling-out-66d74b5d89-m4cv2,1560777418958,195
scenario-scaling-out-66d74b5d89-m4cv2,1560777419962,194
scenario-scaling-out-66d74b5d89-m4cv2,1560777420963,183
scenario-scaling-out-66d74b5d89-m4cv2,1560777421963,198
scenario-scaling-out-66d74b5d89-m4cv2,1560777422965,188
scenario-scaling-out-66d74b5d89-m4cv2,1560777423965,176
scenario-scaling-out-66d74b5d89-m4cv2,1560777424966,171
scenario-scaling-out-66d74b5d89-m4cv2,1560777425971,175
scenario-scaling-out-66d74b5d89-m4cv2,1560777426970,180
scenario-scaling-out-66d74b5d89-m4cv2,1560777427978,180
scenario-scaling-out-66d74b5d89-m4cv2,1560777428981,186
scenario-scaling-out-66d74b5d89-m4cv2,1560777429981,149
scenario-scaling-out-66d74b5d89-m4cv2,1560777430982,220
scenario-scaling-out-66d74b5d89-m4cv2,1560777431982,465
scenario-scaling-out-66d74b5d89-m4cv2,1560777432983,453
scenario-scaling-out-66d74b5d89-m4cv2,1560777433991,456
scenario-scaling-out-66d74b5d89-m4cv2,1560777434991,424
scenario-scaling-out-66d74b5d89-m4cv2,1560777435998,404
scenario-scaling-out-66d74b5d89-m4cv2,1560777436998,469
scenario-scaling-out-66d74b5d89-m4cv2,1560777437998,470
scenario-scaling-out-66d74b5d89-m4cv2,1560777438998,440
scenario-scaling-out-66d74b5d89-m4cv2,1560777439999,542
scenario-scaling-out-66d74b5d89-m4cv2,1560777440999,514
scenario-scaling-out-66d74b5d89-m4cv2,1560777442000,575
scenario-scaling-out-66d74b5d89-m4cv2,1560777442999,558
scenario-scaling-out-66d74b5d89-m4cv2,1560777443999,580
scenario-scaling-out-66d74b5d89-m4cv2,1560777445000,574
scenario-scaling-out-66d74b5d89-m4cv2,1560777446001,565
scenario-scaling-out-66d74b5d89-m4cv2,1560777447002,563
scenario-scaling-out-66d74b5d89-m4cv2,1560777448003,558
scenario-scaling-out-66d74b5d89-m4cv2,1560777449004,566
scenario-scaling-out-66d74b5d89-m4cv2,1560777450005,591
scenario-scaling-out-66d74b5d89-m4cv2,1560777451008,531
scenario-scaling-out-66d74b5d89-m4cv2,1560777452010,562
scenario-scaling-out-66d74b5d89-m4cv2,1560777453010,579
scenario-scaling-out-66d74b5d89-m4cv2,1560777454011,581
scenario-scaling-out-66d74b5d89-m4cv2,1560777455011,584
scenario-scaling-out-66d74b5d89-m4cv2,1560777456011,583
scenario-scaling-out-66d74b5d89-m4cv2,1560777457013,573
scenario-scaling-out-66d74b5d89-m4cv2,1560777458014,566
scenario-scaling-out-66d74b5d89-m4cv2,1560777459013,577
scenario-scaling-out-66d74b5d89-m4cv2,1560777460014,585
scenario-scaling-out-66d74b5d89-m4cv2,1560777461015,553
scenario-scaling-out-66d74b5d89-m4cv2,1560777462015,516
scenario-scaling-out-66d74b5d89-m4cv2,1560777463018,586
scenario-scaling-out-66d74b5d89-m4cv2,1560777464019,587
scenario-scaling-out-66d74b5d89-m4cv2,1560777465019,550
scenario-scaling-out-66d74b5d89-m4cv2,1560777466019,560
scenario-scaling-out-66d74b5d89-m4cv2,1560777467019,582
scenario-scaling-out-66d74b5d89-m4cv2,1560777468019,580
scenario-scaling-out-66d74b5d89-m4cv2,1560777469019,590
scenario-scaling-out-66d74b5d89-m4cv2,1560777470019,596
scenario-scaling-out-66d74b5d89-m4cv2,1560777471026,561
scenario-scaling-out-66d74b5d89-m4cv2,1560777472027,588
scenario-scaling-out-66d74b5d89-m4cv2,1560777473030,593
scenario-scaling-out-66d74b5d89-m4cv2,1560777474030,586
scenario-scaling-out-66d74b5d89-m4cv2,1560777475031,588
scenario-scaling-out-66d74b5d89-m4cv2,1560777476031,593
scenario-scaling-out-66d74b5d89-m4cv2,1560777477031,576
scenario-scaling-out-66d74b5d89-m4cv2,1560777478033,569
scenario-scaling-out-66d74b5d89-m4cv2,1560777479034,577
scenario-scaling-out-66d74b5d89-m4cv2,1560777480033,587
scenario-scaling-out-66d74b5d89-m4cv2,1560777481038,578
scenario-scaling-out-66d74b5d89-m4cv2,1560777482039,547
scenario-scaling-out-66d74b5d89-m4cv2,1560777483039,560
scenario-scaling-out-66d74b5d89-m4cv2,1560777484039,569
scenario-scaling-out-66d74b5d89-m4cv2,1560777485039,577
scenario-scaling-out-66d74b5d89-m4cv2,1560777486040,580
scenario-scaling-out-66d74b5d89-m4cv2,1560777487039,571
scenario-scaling-out-66d74b5d89-m4cv2,1560777488039,576
scenario-scaling-out-66d74b5d89-m4cv2,1560777489040,562
scenario-scaling-out-66d74b5d89-m4cv2,1560777490040,595
scenario-scaling-out-66d74b5d89-m4cv2,1560777491040,587
scenario-scaling-out-66d74b5d89-m4cv2,1560777492040,560
scenario-scaling-out-66d74b5d89-m4cv2,1560777493042,537
scenario-scaling-out-66d74b5d89-m4cv2,1560777494042,556
scenario-scaling-out-66d74b5d89-m4cv2,1560777495043,570
scenario-scaling-out-66d74b5d89-m4cv2,1560777496043,575
scenario-scaling-out-66d74b5d89-vvx4f,1560777431197,246
scenario-scaling-out-66d74b5d89-vvx4f,1560777432198,501
scenario-scaling-out-66d74b5d89-vvx4f,1560777433197,457
scenario-scaling-out-66d74b5d89-vvx4f,1560777434199,346
scenario-scaling-out-66d74b5d89-vvx4f,1560777435201,496
scenario-scaling-out-66d74b5d89-vvx4f,1560777436200,320
scenario-scaling-out-66d74b5d89-vvx4f,1560777437200,557
scenario-scaling-out-66d74b5d89-vvx4f,1560777438200,451
scenario-scaling-out-66d74b5d89-vvx4f,1560777439200,428
scenario-scaling-out-66d74b5d89-vvx4f,1560777440201,551
scenario-scaling-out-66d74b5d89-vvx4f,1560777441201,519
scenario-scaling-out-66d74b5d89-vvx4f,1560777442202,566
scenario-scaling-out-66d74b5d89-vvx4f,1560777443203,552
scenario-scaling-out-66d74b5d89-vvx4f,1560777444202,586
scenario-scaling-out-66d74b5d89-vvx4f,1560777445204,574
scenario-scaling-out-66d74b5d89-vvx4f,1560777446204,560
scenario-scaling-out-66d74b5d89-vvx4f,1560777447204,569
scenario-scaling-out-66d74b5d89-vvx4f,1560777448205,565
scenario-scaling-out-66d74b5d89-vvx4f,1560777449207,577
scenario-scaling-out-66d74b5d89-vvx4f,1560777450208,592
scenario-scaling-out-66d74b5d89-vvx4f,1560777451209,528
scenario-scaling-out-66d74b5d89-vvx4f,1560777452210,568
scenario-scaling-out-66d74b5d89-vvx4f,1560777453210,575
scenario-scaling-out-66d74b5d89-vvx4f,1560777454210,578
scenario-scaling-out-66d74b5d89-vvx4f,1560777455210,585
scenario-scaling-out-66d74b5d89-vvx4f,1560777456210,579
scenario-scaling-out-66d74b5d89-vvx4f,1560777457212,579
scenario-scaling-out-66d74b5d89-vvx4f,1560777458212,562
scenario-scaling-out-66d74b5d89-vvx4f,1560777459212,585
scenario-scaling-out-66d74b5d89-vvx4f,1560777460213,589
scenario-scaling-out-66d74b5d89-vvx4f,1560777461218,514
scenario-scaling-out-66d74b5d89-vvx4f,1560777462218,553
scenario-scaling-out-66d74b5d89-vvx4f,1560777463218,592
scenario-scaling-out-66d74b5d89-vvx4f,1560777464220,588
scenario-scaling-out-66d74b5d89-vvx4f,1560777465219,546
scenario-scaling-out-66d74b5d89-vvx4f,1560777466220,574
scenario-scaling-out-66d74b5d89-vvx4f,1560777467221,587
scenario-scaling-out-66d74b5d89-vvx4f,1560777468221,582
scenario-scaling-out-66d74b5d89-vvx4f,1560777469221,588
scenario-scaling-out-66d74b5d89-vvx4f,1560777470222,602
scenario-scaling-out-66d74b5d89-vvx4f,1560777471223,557
scenario-scaling-out-66d74b5d89-vvx4f,1560777472224,590
scenario-scaling-out-66d74b5d89-vvx4f,1560777473225,594
scenario-scaling-out-66d74b5d89-vvx4f,1560777474225,594
scenario-scaling-out-66d74b5d89-vvx4f,1560777475226,587
scenario-scaling-out-66d74b5d89-vvx4f,1560777476226,586
scenario-scaling-out-66d74b5d89-vvx4f,1560777477226,585
scenario-scaling-out-66d74b5d89-vvx4f,1560777478227,574
scenario-scaling-out-66d74b5d89-vvx4f,1560777479228,578
scenario-scaling-out-66d74b5d89-vvx4f,1560777480227,589
scenario-scaling-out-66d74b5d89-vvx4f,1560777481228,546
scenario-scaling-out-66d74b5d89-vvx4f,1560777482228,570
scenario-scaling-out-66d74b5d89-vvx4f,1560777483229,568
scenario-scaling-out-66d74b5d89-vvx4f,1560777484229,569
scenario-scaling-out-66d74b5d89-vvx4f,1560777485230,581
scenario-scaling-out-66d74b5d89-vvx4f,1560777486230,568
scenario-scaling-out-66d74b5d89-vvx4f,1560777487231,582
scenario-scaling-out-66d74b5d89-vvx4f,1560777488231,575
scenario-scaling-out-66d74b5d89-vvx4f,1560777489232,570
scenario-scaling-out-66d74b5d89-vvx4f,1560777490233,598
scenario-scaling-out-66d74b5d89-vvx4f,1560777491233,565
scenario-scaling-out-66d74b5d89-vvx4f,1560777492236,582
scenario-scaling-out-66d74b5d89-vvx4f,1560777493235,524
scenario-scaling-out-66d74b5d89-vvx4f,1560777494235,557
scenario-scaling-out-66d74b5d89-vvx4f,1560777495235,583
scenario-scaling-out-66d74b5d89-vvx4f,1560777496235,573
